id	sequence	sample	functional	locus	constant	reverse_complemented	v_call	d_call	j_call	v_score	j_score	v_btop	j_btop	fwr1_start
seq_1	NNNNNNNNNNNNNNNNNNNNGCTGACCTGCACCTTCTCTGGATTCTCACTCAGTACTAGTGCAGTGGGTGTACACTGGATCCGTCAGCCCCCAGGAAAGGCCCTGGAGTGGCTTGCACTCATTTATTGGGATGATGCCAAATATTACAGCACCAGCCCATCTCTGAAGAGCAGGCTCACCATCACCAAGGACACCTCCAAAAGCCAGGTGATCCTCACAATGACCAACATGGACCCTGCGGACACAGCCACATATTACTGTGCACACAGTGCGGGATGGCTGCCTGATTACTGGGGCCAGGGAACCCTGGTCACCGTCTCTTCAGCCTCCAC	MID53	T	IGH	IGHG	T	IGHV2-5*02	IGHD5-24*01	IGHJ4*02	318	65.9	21AG11TC7CG9AGCGAG62C-C-A-A-A-T-2TA1CGAC2ATCA50GA7AG4CT22CT30	32TC4	21
seq_2	NNNNNNNNNNNNNNNNNNNNCCGGGGAGTCTCTGAGGATCTCCTGTAAGGGCTCTGGATACAGGTTCAGCCACTATTGGATCGCCTGGGTGCGCCAGATGCCCGGGAAAGGCCTGGAGTGGATGGCCATGATCTATCCTGATGAGTTTGATATTAGATATAGCCAGTCCTTCCAGGGCCAGGTCACCATCTCAGTCGACAAGTCCATCAGCACCGCCTATATGCAGTGGAACAGCCTGAAGGCCTCGGACAGCGCCATATATTTCTGTGCGAGGCATGGATTATACGGTTGTGATCATACCGGCTGTTATACAAGCTTCTACTACTACGGGATGGACGTCTGGGGC	MID54	T	IGH	IGHG	F	IGHV5-51*01	IGHD3-16*02	IGHJ6*02	313	48.1	15GA15CT11GC2CT1GC1CAAG3TC7CG41CGCG2GC10AG3GC1TC5TCTC5TC4AC9GA19TC24TCAC9AG20GC6AG4TA9GA2	12GT15	21
seq_2	NNNNNNNNNNNNNNNNNNNNCCGGGGAGTCTCTGAGGATCTCCTGTAAGGGCTCTGGATACAGGTTCAGCCACTATTGGATCGCCTGGGTGCGCCAGATGCCCGGGAAAGGCCTGGAGTGGATGGCCATGATCTATCCTGATGAGTTTGATATTAGATATAGCCAGTCCTTCCAGGGCCAGGTCACCATCTCAGTCGACAAGTCCATCAGCACCGCCTATATGCAGTGGAACAGCCTGAAGGCCTCGGACAGCGCCATATATTTCTGTGCGAGGCATGGATTATACGGTTGTGATCATACCGGCTGTTATACAAGCTTCTACTACTACGGGATGGACGTCTGGGGC	MID54	T	IGH	IGHG	F		IGHD3-3*01	IGHJ6*04		43.1		12GT15GA2
seq_2	NNNNNNNNNNNNNNNNNNNNCCGGGGAGTCTCTGAGGATCTCCTGTAAGGGCTCTGGATACAGGTTCAGCCACTATTGGATCGCCTGGGTGCGCCAGATGCCCGGGAAAGGCCTGGAGTGGATGGCCATGATCTATCCTGATGAGTTTGATATTAGATATAGCCAGTCCTTCCAGGGCCAGGTCACCATCTCAGTCGACAAGTCCATCAGCACCGCCTATATGCAGTGGAACAGCCTGAAGGCCTCGGACAGCGCCATATATTTCTGTGCGAGGCATGGATTATACGGTTGTGATCATACCGGCTGTTATACAAGCTTCTACTACTACGGGATGGACGTCTGGGGC	MID54	T	IGH	IGHG	F		IGHD3-3*02
seq_3	NNNNNNNNNNNNNNNNNNNNAAGAAGCCTGGGGCCTCAGTGAAGGTTTCCTGCAGGGCTTCTGGATACCCCTTCATTAACTATGCAATACATTGGGTGCGACAGGCCCGTGGACAAGGTCTTGAGTGGATGGGATGGATCAACACCAACACTGGAAGTCCGGCCTATGCCCGGGGCTTCACAGGGCGGTTTGTCTTCTCCTTGGACACCTCTGTCAGCACGGCATATCTGCAGATCAGTGGCCTAAAGGCTGAGGACTCTGGCTTGTATTACTGTGCGAGAGAAGAACGTCGAAGTAGTGGTTATTTTGACCACTGGGGCCAGGGAGCCCTGGTCACCGTCTCCTCAGCCTCCAC	MID53	T	IGH	IGHG	T	IGHV7-4-1*02	IGHD3-22*01	IGHJ4*02	343	69.9	34GA13CA6TC2AG6AT2AGCA18GC9TG35AG1GATC2GAGA1CG7GA12GA53TCGA17TA3GC1TG19	6CT14GA21	21
seq_4	NNNNNNNNNNNNNNNNNNNNAAGAAGCCTGGGGCCTCAGTGAAGGTCTCCTGCAAGGCTTCTGCATACAGTTTCACTGAGTATGCTCTGACTTGGGTGCGACAGGCCCCTGGACAGGGGCTTCAGTGGATGGGATGGATCAACACCGGAACTGGGGACCCAACGTATGCCCAGGCCTTCACAGGACGTTTTGTCTTCTCGTCGGACACCTCTGTCAGCACGGCTTATCTGCACATCAGCGGTCTAAAGCCTGAGGACACTGCCGTTTATTATTGTGCGAGAGAGGGGTATTATTTTGATACCACTGGTTCTCCGAGGTCACACGGTCTGGACGTCTGGGGCCAAGGGACCGCGGTCACCGTCTCCTCAGCCTCCAC	MID54	T	IGH	IGHG	T	IGHV7-4-1*02	IGHD3-9*01	IGHJ6*02	330	77.8	26CT16CG5GCTC6GAAGGC6CA3CA24GA6CG23GAGAAC6GA18CG12TG11GC1CT21TA8CG6GA1TC6CG16TG5TC11	5CA23GA17	21
seq_5	NNNNNNNNNNNNNNNNNNNNGTCTCCTGCAAGGCTTCTGGAGGCACGTTCAGCCACTATGCTATCAGCTGGGTGCGACAGGCCCCTGGACAAGGGCTTGAGTGGATGGGAGGGATCATCCCTATCGTTGGTACAGCAAAGTACGCACAGAGATTCCAGGGTAGACTCACTATTTCCGCGCACGAATCCACGAGAACCGCCGACATCGAGCTGAGCAGCCTGACATCTGACGACACGGCCGTTTATTACTGTGCGAGAGGGTCCCAAGCAGCTGATTACTACTACGGTATGGACGTCTGGGGCCAAGGGACCACAGTCACCGTCTCCGCGGCATCCCCG	MID54	T	IGH	IGHA	T	IGHV1-69*01	IGHD6-13*01	IGHJ6*02	313	93.7	26GC6CAAG70GT13GC10GAAG8TC3CG4TG3TA5CG13AC2CA3GT4CG16CG6CG11TG16	38AG12	21
seq_5	NNNNNNNNNNNNNNNNNNNNGTCTCCTGCAAGGCTTCTGGAGGCACGTTCAGCCACTATGCTATCAGCTGGGTGCGACAGGCCCCTGGACAAGGGCTTGAGTGGATGGGAGGGATCATCCCTATCGTTGGTACAGCAAAGTACGCACAGAGATTCCAGGGTAGACTCACTATTTCCGCGCACGAATCCACGAGAACCGCCGACATCGAGCTGAGCAGCCTGACATCTGACGACACGGCCGTTTATTACTGTGCGAGAGGGTCCCAAGCAGCTGATTACTACTACGGTATGGACGTCTGGGGCCAAGGGACCACAGTCACCGTCTCCGCGGCATCCCCG	MID54	T	IGH	IGHA	T	IGHV1-69*12			303		26GC6CAAG70GT13GC10GAAG8TC3CG4TG3TA5CG13AC2CA3GT4CG16CG6CG11TG16		21
seq_5	NNNNNNNNNNNNNNNNNNNNGTCTCCTGCAAGGCTTCTGGAGGCACGTTCAGCCACTATGCTATCAGCTGGGTGCGACAGGCCCCTGGACAAGGGCTTGAGTGGATGGGAGGGATCATCCCTATCGTTGGTACAGCAAAGTACGCACAGAGATTCCAGGGTAGACTCACTATTTCCGCGCACGAATCCACGAGAACCGCCGACATCGAGCTGAGCAGCCTGACATCTGACGACACGGCCGTTTATTACTGTGCGAGAGGGTCCCAAGCAGCTGATTACTACTACGGTATGGACGTCTGGGGCCAAGGGACCACAGTCACCGTCTCCGCGGCATCCCCG	MID54	T	IGH	IGHA	T	IGHV1-69*13			299		26GC6CAAG70GT13GC10GAAG8TC3CG4TG3TA5CG13AC2CA3GT4CG16CG6CG11TG16		21
seq_6	NNNNNNNNNNNNNNNNNNNNAAGAAGCCTGGGGCCTCAGTGAAGGTTTCCTGCAAGGCCTCTGGATACACATTTTCTACCCATGTTATAAATTGGGTGCGACAGGCCCCCTGGACAAGGGCTTGAGTGGGTGGGATGGATCAACACCATCACTGGGAACCCAACGTATGCCCAGGGCTTCACAGGACGGTTTGTCTTCTCCTTGGACACCTCTATCACCACGGCATATCTGCAGATCAGCAGCCTGAAGGCTGAGGACACTGCCGTGTATTACTGTGCGAGAGGATTCGACACCGGCCTCTGGGGCCAGGGAACCCTGGTCACCGTCTCCTCAGCATCCCCG	MID53	F	IGH	IGHA	T	IGHV7-4-1*02	IGHD1-14*01	IGHJ4*02	361	69.9	38CT11AC2TCTA3CG1CT3TC3AG20C-19GA18TA64AG3CG27GA37	35	21
seq_6	NNNNNNNNNNNNNNNNNNNNAAGAAGCCTGGGGCCTCAGTGAAGGTTTCCTGCAAGGCCTCTGGATACACATTTTCTACCCATGTTATAAATTGGGTGCGACAGGCCCCCTGGACAAGGGCTTGAGTGGGTGGGATGGATCAACACCATCACTGGGAACCCAACGTATGCCCAGGGCTTCACAGGACGGTTTGTCTTCTCCTTGGACACCTCTATCACCACGGCATATCTGCAGATCAGCAGCCTGAAGGCTGAGGACACTGCCGTGTATTACTGTGCGAGAGGATTCGACACCGGCCTCTGGGGCCAGGGAACCCTGGTCACCGTCTCCTCAGCATCCCCG	MID53	F	IGH	IGHA	T			IGHJ5*02		66.2		35
seq_7	NNNNNNNNNNNNNNNNNNNNGTTTCCTGTAAGGCATCTGGATACACCTTCACCAGCTACTATATGCACTGGGTGCGACAGGCCCCTGGACAAGGGCTTGAGTGGATGGGAATAATCAACCCTAGTGGTGGTAGCACAAGCTACGCACAGAAGTTCCAGGGCAGAGTCACCATGACCAGGGACACGTCCACGAGCACAGTCTACATGGAGCTGAGCAGCCTGAGATCTGAGGACACGGCCGTGTATTACTGTGCGAGAGATTCCTTGCACGACTACGGTATGGACGTCTGGGGCCAAGGGACCACGGTCACCGCCTCCTCAGCATCCCCG	MID54	T	IGH	IGHA	T	IGHV1-46*01		IGHJ6*02	371	91.7	8TC230	42CT7	21
