rearrangement_id	sequence	sample_id	functional	rev_comp	v_call	d_call	j_call	c_call	junction_nt	junction_nt_length	junction_aa	v_score	d_score	j_score	c_score	v_cigar	d_cigar	j_cigar	c_cigar	p3d_length	d_germ_start	duplicate_count	v_germ_end	p3v_length	n2_length	j_evalue	j_identity	np1_length	d_end	j_germ_end	v_evalue	v_end	p5d_length	d_identity	v_germ_start	p5j_length	j_end	np2_length	d_germ_end	d_start	d_evalue	v_start	n1_length	j_start	j_germ_start	v_identity
IVKNQEJ01BVGQ6	GGCCCAGGACTGGTGAAGCCTTCACAGACCCTGTCCCTCACCTGCACTGTCTCTGGTGGCTCCATCAGCAGTGGTGGTTACTACTGGAGCTGGATCCGCCAGCACCCAGGGAAGGGCCTGGAGTGGATTGGGTACATCTATTACAGTGGGAGCACCTACTACAACCCGTCCCTCAAGAGTCGAGTTACCATATCAGTAGACACGTCTAAGAACCAGTTCTCCCTGAAGCTGAGCTCTGTGACTGCCGCGGACACGGCCGTGTATTACTGTGCGAGCGGGGTGGCTGGAACTTTTGACTACTGGGGCCAGGGAACCCTGGTCACTGTCTCCTCA		T	T	IGHV4-31*03	IGHD1-7*01,IGHD6-19*01	IGHJ4*02		TGTGCGAGCGGGGTGGCTGGAACTTTTGACTACTGG	36	CASGVAGTFDYW	430.0	16.4	75.8		22N1S275=	11N280S8=	6N292S32=1X9=			10	1247	317			6e-18	0.9762000000000001	4	287	47	1e-122	275		1.0	0		333	4	18	279	2.7	0		291	5	1.0
IVKNQEJ01AQVWS	GGCCCAGGACTGGTGAAGCCTTCACAGACCCTGTCCCTCACCTGCACTGTCTCTGGTGGCTCCATCAGCAGTGGTGGTTACTACTGGAGCTGGATCCGCCAGCACCCAGGGAAGGGCCTGGAGTGGATTGGGTACATCTATTACAGTGGGAGCACCAACTACAACCCCTCCCTCAAGAGTCGAGTCACCATATCAGTAGACACGTCTAAGAACCAGTTCTCCCTGAAGCTGAGCTCTGTGACTGCCGCGGACACGGCCGTGTATTACTGTGCGAGCGGGGTGGCTGGAACTTTTGACTACTGGGGCCAGGGAACCCTGGTCACCGTCTCCTCA		T	T	IGHV4-31*03	IGHD1-7*01,IGHD6-19*01	IGHJ4*02		TGTGCGAGCGGGGTGGCTGGAACTTTTGACTACTGG	36	CASGVAGTFDYW	420.0	16.4	83.8		22N1S156=1X10=1X17=1X89=	11N280S8=	6N292S42=			10	4	317			2e-20	1.0	4	287	47	8e-120	275		1.0	0		333	4	18	279	2.7	0		291	5	0.9891
IVKNQEJ01AOYFZ	GGCCCAGGACTGGTGAAGCCTTCACAGACCCTGTCCCTCACCTGCACTGTCTCTGGTGGCTCCATCAGCAGTGGTGGTTACTACTGGAGCTGGATCCGCCAGCACCCAGGGAAGGGCCTGGAGTGGATTGGGTACATCTATTACAGTGGGAGCACCTACTACAACCCGTCCCTCAAGAGTCGAGTTACCATATCAGTAGACACGTCTAAGAACCAGTTCTCCCTGAAGCTGAGCTCTGTGACTGCCGCGGACACGGCCGTGTATTACTGTGCGAGCGGGGTGGCTGGTAACTTTTGACTACTGGGGCCAGGGAACCCTGGTCACCGTCTCCTCA		F	T	IGHV4-31*03	IGHD6-19*01	IGHJ4*02		TGTGCGAGCGGGGTGGCTGGTAACTTTTGACTACTGG	37	CASGVAGNF*LLX	430.0	20.4	83.8		22N1S275=	11N280S10=	6N293S42=			10	92	317			2e-20	1.0	4	289	47	1e-122	275		1.0	0		334	3	20	279	0.17	0		292	5	1.0
IVKNQEJ01EI5S4	GGCCCAGGACTGGTGAAGCCTTCACAGACCCTGTCCCTCACCTGCACTGTCTCTGGTGGCTCCATCAGCAGTGGTGGTTACTACTGGAGCTGGATCCGCCAGCACCCAGGGAAGGGCCTGGAGTGGATTGGGTACATCTATTACAGTGGGAGCACCTACTACAACCCGTCCCTCAAGAGTCGAGTTACCATATCAGTAGACACGTCTAAGAACCAGTTCTCCCTGAAGCTGAGCTCTGTGACTGCCGCGGACACGGCCGTGTATTACTGTGCGAGCGGGGTGGCTGGAACTTTTGACTACTGGGGCCAGGGAACCCTGGTCACCGTCTCCTCA		T	T	IGHV4-31*03	IGHD1-7*01,IGHD6-19*01	IGHJ4*02		TGTGCGAGCGGGGTGGCTGGAACTTTTGACTACTGG	36	CASGVAGTFDYW	430.0	16.4	83.8		22N1S275=	11N280S8=	6N292S42=			10	2913	317			2e-20	1.0	4	287	47	1e-122	275		1.0	0		333	4	18	279	2.7	0		291	5	1.0
IVKNQEJ01DGRRI	GGCCCAGGACTGGTGAAGCCTTCGGAGACCCTGTCCCTCACCTGCGCTGTCTATGGTGGGTCCTTCAGTGGTTACTACTGGAGCTGGATCCGCCAGCCCCCAGGGAAGGGTCTGGAGTGGATTGGGTACATCTATTACAGTGGGAGCACCTACTACAACCCGTCCCTCAAGAGTCGAGTTACCATATCAGTAGACACGTCTAAGAACCAGTTCTCCCTGAAGCTGAGCTCTGTGACTGCCGCGGACACGGCCGTGTATTACTGTGCGAGCGGGGTGGCTGGAACTTTTGACTACTGGGGCCAGGGAACCCTGGTCACCGTCTCCTCA		T	T	IGHV4-34*09	IGHD1-7*01,IGHD6-19*01	IGHJ4*02		TGTGCGAGCGGGGTGGCTGGAACTTTTGACTACTGG	36	CASGVAGTFDYW	389.0	16.4	83.8		22N1S23=2X85=1X15=1X1=1X3=1X2=1X1=1X5=1X6=1X118=	11N274S8=	6N286S42=			10	1	317			2e-20	1.0	4	281	47	2e-110	269		1.0	0		327	4	18	273	2.6	0		285	5	0.9628
IVKNQEJ01APN5N	GGCCCAGGACTGGTGAAGCCTTCACAGACCCTGTCCCTCACCTGCACTGTCTCTGGTGGCTCCATCAGCAGTGGTGGTTACTACTGGAGCTGGATCCGCCAGCACCCAGGGAAGGGCCTGGAGTGGATTGGGTACATCTATTACAGTGGGAGCACCTACTACAACCCGTCCCTCAAGAGTCGAGTTACCATATCAGTAGACACGTCTAAGAACCAGTTCTCCCTGAAGCTGAGCTCTGTGACTGCCGCGGACACGGCCGTGTATTACTGTGCGAGCGGGGTGGCTGGAACTTTTGACTACTAGGGCCAGGGAACCCTGGTCACTGTCTCCTCA		F	T	IGHV4-31*03	IGHD1-7*01,IGHD6-19*01	IGHJ4*02		TGTGCGAGCGGGGTGGCTGGAACTTTTGACTACTAG	36	CASGVAGTFDY*	430.0	16.4	67.9		22N1S275=	11N280S8=	6N292S10=1X21=1X9=			10	1	317			1e-15	0.9523999999999999	4	287	47	1e-122	275		1.0	0		333	4	18	279	2.7	0		291	5	1.0
IVKNQEJ01B0TT2	GGCCCAGGACTGGTGAAGCCTTCACAGACCCTGTCCCTCACCTGCACTGTCTCTGGTGGCTCCATCAGCAGTGGTGGTTACTACTGGAGCTGGATCCGCCAGCACCCAGGGAAGGGCCTGGAGTGGATTGGGTACATCTATTACAGTGGGAGCACCTACTACAACCCGTCCCTCAAGAGTCGAGTTACCATATCAGTAGACACGTCTAAGAACCAGTTCTCCCTGAAGCTGAGCTCTGTGACTGCCGCGGACACGGCCGTGTATTACTGTGCGAGCGGGGTGGCTGGTAACTTTTGACTACTGGGGCCAGGGAACCCTGGTCACTGTCTCCTCA		F	T	IGHV4-31*03	IGHD6-19*01	IGHJ4*02		TGTGCGAGCGGGGTGGCTGGTAACTTTTGACTACTGG	37	CASGVAGNF*LLX	430.0	20.4	75.8		22N1S275=	11N280S10=	6N293S32=1X9=			10	30	317			6e-18	0.9762000000000001	4	289	47	1e-122	275		1.0	0		334	3	20	279	0.17	0		292	5	1.0
IVKNQEJ01AIS74	GGCGCAGGACTGTTGAAGCCTTCACAGACCCTGTCCCTCACCTGCACTGTCTCTGGTGGCTCCATCAGCAGTGGTGGTTACTACTGGAGCTGGATCCGCCAGCACCCAGGGAAGGGCCTGGAGTGGATTGGGTACATCTATTACAGTGGGAGCACCTACTACAACCCGTCCCTCAAGAGTCGAGTTACCATATCAGTAGACACGTCTAAGAACCAGTTCTCCCTGAAGCTGAGCTCTGTGACTGCCGCGGACACGGCCGTGTATTACTGTGCGAGGCGGGGTGGCTGGTAACTTTTGACTACTGGGGCCAGGGAACCCTGGTCACCGTCTCCTCA		F	T	IGHV4-31*03	IGHD6-19*01	IGHJ4*02		TGTGCGAGGCGGGGTGGCTGGTAACTTTTGACTACTGG	38	CARRGGW*LLTTG	424.0	20.4	83.8		22N1S3=1X8=1X262=	11N281S10=	6N294S42=			10	4	317			2e-20	1.0	5	290	47	9e-121	275		1.0	0		335	3	20	280	0.17	0		293	5	0.9926999999999999
IVKNQEJ01AJ44V	GGCCCAGGACTGGTGAAGCCTTCGGAGACCCTGTCCCTCACCTGCGCTGTCTATGGTGGGTCCTTCAGTGGTTACTACTGGAGCTGGATCCGCCAGCACCCAGGGAAGGGCCTGGAGTGGATTGGGTACATCTATTACAGTGGGAGCACCTACTACAACCCGTCCCTCAAGAGTCGAGTTACCATATCAGTAGACACGTCTAAGAACCAGTTCTCCCTGAAGCTGAGCTCTGTGACTGCCGCGGACACGGCCGTGTATTACTGTGCGAGCGGGGTGGCTGGAACTTTTGACTACTGGGGCCAGGGAACCCTGGTCACTGTCTCCTCA		T	T	IGHV4-59*06	IGHD1-7*01,IGHD6-19*01	IGHJ4*02		TGTGCGAGCGGGGTGGCTGGAACTTTTGACTACTGG	36	CASGVAGTFDYW	386.0	16.4	75.8		22N1S45=1X5=2X6=1X3=1X5=1X22=1X4=1X1=1X1=1X165=	11N274S8=	6N286S32=1X9=			10	12	315			5e-18	0.9762000000000001	6	281	47	2e-109	267		1.0	0		327	4	18	273	2.6	0		285	5	0.9625
